original variables,0
alpine.skiing,0.2603637736039863
going.to.a.spa,0.06531285945398031
using.health.facilities,-0.015441244817400042
hiking,-0.07192000448548448
going.for.walks,-0.1723350967509767
excursions,-0.15629908246533258
going.out.in.the.evening,-0.15953855249088483
going.to.discos.bars,0.05534274042972805
shopping,0.02978995780016409
sight.seeing,-0.25614424488150933
museums,-0.3218076158906307
pool.sauna,0.8184328939383091
