original variables,0
alpine.skiing,-0.008119932629805397
going.to.a.spa,-0.024339558734719855
using.health.facilities,-0.6742465384680507
hiking,0.015664657184691875
going.for.walks,0.036592909817479466
excursions,0.07236208179714246
going.out.in.the.evening,-0.13917539376764895
going.to.discos.bars,0.0822746315083826
shopping,-0.02650792628942348
sight.seeing,0.08063645543955182
museums,0.7063055696524629
pool.sauna,-0.07550624794390656
