original variables,0
alpine.skiing,-0.06033311738994175
going.to.a.spa,0.03389769825676864
using.health.facilities,-0.7772517449714429
hiking,-0.03732683932468419
going.for.walks,-0.08944277065118812
excursions,-0.08111999963732656
going.out.in.the.evening,-0.08280130066067853
going.to.discos.bars,0.028723156993477276
shopping,0.0154611359697603
sight.seeing,-0.13294013454301648
museums,0.5871220699916959
pool.sauna,0.06936355767233443
