original variables,0
alpine.skiing,0.2526192803269709
going.to.a.spa,0.013273677319170632
using.health.facilities,0.0599941810373101
hiking,-0.025859158373657216
going.for.walks,0.4393618046643724
excursions,-0.15748873699906782
going.out.in.the.evening,-0.5938589943065027
going.to.discos.bars,-0.02969509756551526
shopping,-0.007247854841797298
sight.seeing,-0.33210813416225365
museums,-0.21987304348677422
pool.sauna,-0.4490601405391583
