original variables,0
alpine.skiing,-0.029418090015408568
going.to.a.spa,-0.08818094465033412
using.health.facilities,0.4879251830034775
hiking,0.05675223134589313
going.for.walks,0.13257419291693517
excursions,0.26216402685371915
going.out.in.the.evening,-0.504225151666653
going.to.discos.bars,0.2980766745297709
shopping,-0.09603682656696666
sight.seeing,0.028009035587568967
museums,0.40805363091486796
pool.sauna,0.37967479781857816
